{"R": 145.32697777894262, "G": 145.32697777894262, "B": 145.32697777894262}