{"R": 143.85862897301595, "G": 114.96138694616477, "B": 123.08719967280364}